[
  {
    "id": "64c25c7e8b71a337b791517c",
    "title": "Goto movie",
    "completed": true,
    "lastUpdatedTime": "2023-07-27T15:26:29.555Z"
  },
  {
    "id": "64c28725d98be9227a2670e8",
    "title": "Shopping",
    "completed": true
  },
  {
    "id": "64c28debd98be9227a267126",
    "title": "Test",
    "completed": false
  },
  {
    "id": "64c28efb54a81f1cb9d9b05a",
    "title": "Test 2",
    "completed": true
  },
  {
    "id": "64c28f0454a81f1cb9d9b05e",
    "title": "Test 3",
    "completed": true
  }
]
