[
  {
    "name": "Home",
    "link": "/home",
    "icon": "home"
  },
  {
    "name": "Counter",
    "link": "/counter",
    "icon": "about"
  },
  {
    "name": "User Details",
    "link": "/user-details",
    "icon": "contact"
  },
  {
    "name": "User Details Form",
    "link": "/user-details-form",
    "icon": "services"
  },
  {
    "name": "Todo App",
    "link": "/todo-app",
    "icon": "services"
  },
  {
    "name": "Guess No",
    "link": "/guess-no",
    "icon": "services"
  },
  {
    "name": "Table Data",
    "link": "/table-data",
    "icon": "services"
  },
  {
    "name": "Meme App",
    "link": "/meme-app",
    "icon": "services"
  }
]
